disease,unitCost
ihd,1905.192364
stroke,843.336429
diabetes,444.3065746
cancerBreast,572.9410777
cancerColorectum,809.926404
cancerLung,904.3098288
cancerStomach,535.4708099
cancerLiver,1532.471764
cancerKidney,617.6536705
cancerPancreas,3073.798125
cirrhosis,314.3785965
